,demographics_term,student_ID,course_prefix,course_number,course_suffix,course_credits,course_grade_letter,demographics_race,demographics_sex,major_term,term_earliest,major_term_earliest
0,201508,0,CHEM,2400,,4.0,B+,WZ,F,BIO,201108.0,BIO
1,201508,1,CHEM,1211,K,4.0,W,BIWZ,F,BIO,201108.0,BIO
2,201508,2,CHEM,1211,K,4.0,A+,Z,F,BIO,201108.0,BIO
3,201508,3,CHEM,2400,,4.0,C-,Z,F,BIO,201108.0,BIO
4,201508,4,CHEM,1212,K,4.0,F,B,M,BIO,201108.0,BIO
5,201508,5,CHEM,1211,K,4.0,A+,W,F,NUR,201108.0,NUR
6,201508,6,CHEM,1211,K,4.0,W,,F,BIO,201108.0,BIO
7,201508,7,CHEM,2400,,4.0,C-,Z,M,CSC,201108.0,CSC
8,201508,8,CHEM,1211,K,4.0,W,W,F,BIO,201108.0,BIO
9,201508,9,CHEM,2400,,4.0,W,B,M,BIO,201108.0,BIO
10,201508,10,CHEM,2400,,4.0,B+,B,M,0000,201108.0,0000
11,201508,11,CHEM,1211,K,4.0,A,W,M,PSY,201108.0,PSY
12,201508,12,CHEM,1211,K,4.0,C-,B,M,BIO,201108.0,BIO
13,201508,13,CHEM,2400,,4.0,B-,Z,F,BIO,201108.0,BIO
14,201508,14,CHEM,1211,K,4.0,A+,,M,BIO,201108.0,BIO
15,201508,15,CHEM,1211,K,4.0,C+,Z,M,CHM,201108.0,CHM
16,201508,16,CHEM,1211,K,4.0,W,B,M,CIS,201108.0,CIS
17,201508,17,CHEM,2400,,4.0,A,Z,F,BIO,201108.0,BIO
18,201508,18,CHEM,1211,K,4.0,W,W,F,ECE,201108.0,ECE
19,201508,19,CHEM,1211,K,4.0,C+,B,M,BIO,201108.0,BIO
20,201508,20,CHEM,1211,K,4.0,C-,B,M,BIO,201108.0,BIO
21,201508,21,CHEM,2400,,4.0,C+,,F,BIO,201108.0,BIO
22,201508,22,CHEM,1212,K,4.0,C,B,F,CHM,201108.0,CHM
23,201508,23,CHEM,2400,,4.0,F,W,F,IEML,201108.0,IEML
24,201508,24,CHEM,1211,K,4.0,C,W,F,BIO,201108.0,BIO
25,201508,25,CHEM,1211,K,4.0,C+,W,F,PSY,201108.0,PSY
26,201508,26,CHEM,2400,,4.0,B,I,F,BIO,201108.0,BIO
27,201508,27,CHEM,1212,K,4.0,C+,Z,F,BIO,201108.0,BIO
28,201508,28,CHEM,2400,,4.0,C,,F,BIO,201108.0,BIO
29,201508,29,CHEM,1212,K,4.0,C-,,M,BIO,201108.0,BIO
30,201508,30,CHEM,1212,K,4.0,W,I,M,NUR,201108.0,NUR
31,201508,31,CHEM,1212,K,4.0,W,B,M,AC,201108.0,AC
32,201508,32,CHEM,1211,K,4.0,C,W,M,BIO,201108.0,BIO
33,201508,33,CHEM,2400,,4.0,C,Z,M,BIO,201108.0,BIO
34,201508,34,CHEM,2400,,4.0,C-,Z,F,BIO,201108.0,BIO
35,201508,35,CHEM,2400,,4.0,I,W,M,PHY,201108.0,PHY
36,201508,36,CHEM,1212,K,4.0,W,W,F,NUR,201108.0,NUR
37,201508,37,CHEM,1211,K,4.0,C,B,F,BIO,201108.0,BIO
38,201508,38,CHEM,1212,K,4.0,C+,B,M,PHY,201108.0,PHY
39,201508,39,CHEM,1211,K,4.0,F,W,M,BIO,201108.0,BIO
40,201508,40,CHEM,1211,K,4.0,A,W,F,BIO,201108.0,BIO
41,201508,41,CHEM,1211,K,4.0,B,,F,BIO,201108.0,BIO
42,201508,42,CHEM,1212,K,4.0,C,B,F,BIO,201108.0,BIO
43,201508,43,CHEM,1212,K,4.0,B-,W,F,NUR,201108.0,NUR
44,201508,44,CHEM,1211,K,4.0,A-,Z,M,0000,201108.0,0000
45,201508,45,CHEM,1211,K,4.0,A-,B,F,BIO,201108.0,BIO
46,201508,46,CHEM,1211,K,4.0,C+,W,F,0000,201108.0,0000
47,201508,47,CHEM,1212,K,4.0,D,B,F,CHM,201108.0,CHM
48,201508,48,CHEM,1211,K,4.0,B-,Z,M,0000,201108.0,0000
49,201508,49,CHEM,2400,,4.0,B,Z,F,BIO,201108.0,BIO
50,201508,50,CHEM,2400,,4.0,B+,B,F,0000,201108.0,0000
51,201508,51,CHEM,1211,K,4.0,A,W,M,BIO,201108.0,BIO
52,201508,52,CHEM,1211,K,4.0,A+,Z,F,BIO,201108.0,BIO
53,201508,53,CHEM,1211,K,4.0,B,W,M,CSC,201108.0,CSC
54,201508,54,CHEM,1211,K,4.0,A-,B,F,BIO,201108.0,BIO
55,201508,55,CHEM,2400,,4.0,B,W,M,BIO,201108.0,BIO
56,201508,56,CHEM,1211,K,4.0,F,W,F,BIO,201108.0,BIO
57,201508,57,CHEM,1211,K,4.0,B+,W,F,BIO,201108.0,BIO
58,201508,58,CHEM,1211,K,4.0,B,W,M,BIO,201108.0,BIO
59,201508,59,CHEM,1211,K,4.0,C+,B,F,0000,201108.0,0000
60,201508,60,CHEM,1211,K,4.0,B+,Z,F,BIO,201108.0,BIO
61,201508,61,CHEM,1211,K,4.0,B,Z,F,BIO,201108.0,BIO
62,201508,62,CHEM,1211,K,4.0,A,W,F,BIO,201108.0,BIO
63,201508,63,CHEM,1211,K,4.0,C+,B,M,BIO,201108.0,BIO
64,201508,64,CHEM,1211,K,4.0,C,BW,F,CHM,201108.0,CHM
65,201508,65,CHEM,1211,K,4.0,C,B,M,BIO,201108.0,BIO
66,201508,66,CHEM,1211,K,4.0,B,Z,M,BIO,201108.0,BIO
67,201508,67,CHEM,1211,K,4.0,A,B,F,BIO,201108.0,BIO
68,201508,68,CHEM,1211,K,4.0,B+,B,M,BIO,201108.0,BIO
69,201508,69,CHEM,1211,K,4.0,A-,B,F,BIO,201108.0,BIO
70,201508,70,CHEM,1211,K,4.0,A,Z,M,CHM,201108.0,CHM
71,201508,71,CHEM,1211,K,4.0,B,B,F,BIO,201108.0,BIO
72,201508,72,CHEM,1212,K,4.0,F,B,F,BIO,201108.0,BIO
73,201508,73,CHEM,1211,K,4.0,C+,B,M,BIO,201108.0,BIO
74,201508,74,CHEM,1211,K,4.0,B,Z,F,0000,201108.0,0000
75,201508,75,CHEM,1211,K,4.0,B,B,F,BIO,201108.0,BIO
76,201508,76,CHEM,1211,K,4.0,W,W,M,EXS,201108.0,EXS
77,201508,77,CHEM,1212,K,4.0,A+,W,M,BIO,201108.0,BIO
78,201508,78,CHEM,1211,K,4.0,B+,W,F,CHM,201108.0,CHM
79,201508,79,CHEM,1211,K,4.0,A,W,M,PHY,201108.0,PHY
80,201508,80,CHEM,1211,K,4.0,A-,Z,F,BIO,201108.0,BIO
81,201508,81,CHEM,1211,K,4.0,B+,W,M,0000,201108.0,0000
82,201508,82,CHEM,1211,K,4.0,A-,Z,F,BIO,201108.0,BIO
83,201508,83,CHEM,1211,K,4.0,A,W,M,EC,201108.0,EC
84,201508,84,CHEM,1211,K,4.0,A+,B,M,BIO,201108.0,BIO
85,201508,85,CHEM,1211,K,4.0,A+,Z,F,BIO,201108.0,BIO
86,201508,86,CHEM,1211,K,4.0,B,B,F,BIO,201108.0,BIO
87,201508,87,CHEM,1211,K,4.0,C,B,F,PSY,201108.0,PSY
88,201508,88,CHEM,1211,K,4.0,I,B,M,CHM,201108.0,CHM
89,201508,89,CHEM,1211,K,4.0,B+,W,M,BIO,201108.0,BIO
90,201508,90,CHEM,1211,K,4.0,W,W,F,PSY,201108.0,PSY
91,201508,91,CHEM,1211,K,4.0,B,W,M,BIO,201108.0,BIO
92,201508,92,CHEM,1211,K,4.0,A,Z,M,0000,201108.0,0000
93,201508,93,CHEM,1211,K,4.0,A,Z,M,BIO,201108.0,BIO
94,201508,94,CHEM,1211,K,4.0,A,Z,M,CHM,201108.0,CHM
95,201508,95,CHEM,1211,K,4.0,A+,Z,M,0000,201108.0,0000
96,201508,96,CHEM,1211,K,4.0,B,Z,F,BIO,201108.0,BIO
97,201508,97,CHEM,1211,K,4.0,I,B,F,BIO,201108.0,BIO
98,201508,98,CHEM,1211,K,4.0,A-,W,M,BIO,201108.0,BIO
99,201508,99,CHEM,2400,,4.0,B+,W,F,0000,201108.0,0000
100,201508,100,CHEM,1211,K,4.0,B,Z,M,BIO,201108.0,BIO
101,201508,101,CHEM,1211,K,4.0,B+,W,M,PHY,201108.0,PHY
102,201508,102,CHEM,1211,K,4.0,A+,Z,M,0000,201108.0,0000
103,201508,103,CHEM,1212,K,4.0,A,B,F,CHM,201108.0,CHM
104,201508,104,CHEM,1211,K,4.0,A+,Z,M,BIO,201108.0,BIO
105,201508,105,CHEM,1211,K,4.0,A,Z,M,BIO,201108.0,BIO
106,201508,106,CHEM,1211,K,4.0,B-,W,F,BIO,201108.0,BIO
107,201508,107,CHEM,1211,K,4.0,B,Z,M,BIO,201108.0,BIO
108,201508,108,CHEM,1211,K,4.0,B,W,M,BIO,201108.0,BIO
109,201508,109,CHEM,1211,K,4.0,B-,B,F,BIO,201108.0,BIO
110,201508,110,CHEM,1211,K,4.0,C+,Z,F,BIO,201108.0,BIO
111,201508,111,CHEM,1211,K,4.0,A+,W,F,BIO,201108.0,BIO
112,201508,112,CHEM,1211,K,4.0,B,W,M,BIO,201108.0,BIO
113,201508,113,CHEM,1211,K,4.0,B,W,F,BIO,201108.0,BIO
114,201508,114,CHEM,1211,K,4.0,B,B,M,BIO,201108.0,BIO
115,201508,115,CHEM,1211,K,4.0,B+,Z,F,BIO,201108.0,BIO
116,201508,116,CHEM,1211,K,4.0,A+,W,F,BIO,201108.0,BIO
117,201508,117,CHEM,1211,K,4.0,B,Z,F,CHM,201108.0,CHM
118,201508,118,CHEM,1211,K,4.0,A,Z,M,CHM,201108.0,CHM
119,201508,119,CHEM,1211,K,4.0,I,Z,F,BIO,201108.0,BIO
120,201508,120,CHEM,1211,K,4.0,A,W,F,BIO,201108.0,BIO
121,201508,121,CHEM,1211,K,4.0,A+,Z,M,BIO,201108.0,BIO
122,201508,122,CHEM,1211,K,4.0,A,Z,M,0000,201108.0,0000
123,201508,123,CHEM,1211,K,4.0,B,Z,F,ART,201108.0,ART
124,201508,124,CHEM,1211,K,4.0,C,W,M,BUE,201108.0,BUE
125,201508,125,CHEM,1211,K,4.0,B,BW,F,0000,201108.0,0000
126,201508,126,CHEM,1211,K,4.0,W,W,F,MTH,201108.0,MTH
127,201508,127,CHEM,1211,K,4.0,A,B,M,BIO,201108.0,BIO
128,201508,128,CHEM,1211,K,4.0,A,Z,M,BIO,201108.0,BIO
129,201508,129,CHEM,1211,K,4.0,F,W,M,BIO,201108.0,BIO
130,201508,130,CHEM,1211,K,4.0,A+,Z,M,BIO,201108.0,BIO
131,201508,131,CHEM,1211,K,4.0,B+,W,M,0000,201108.0,0000
132,201508,132,CHEM,1211,K,4.0,B-,Z,F,BIO,201108.0,BIO
133,201508,133,CHEM,1211,K,4.0,C,B,F,BIO,201108.0,BIO
134,201508,134,CHEM,1211,K,4.0,A,Z,F,PSY,201108.0,PSY
135,201508,135,CHEM,1211,K,4.0,C,B,F,0000,201108.0,0000
136,201508,136,CHEM,1211,K,4.0,A-,Z,F,BIO,201108.0,BIO
137,201508,137,CHEM,1211,K,4.0,A,W,F,CHM,201108.0,CHM
138,201508,138,CHEM,1211,K,4.0,B+,B,F,CHM,201108.0,CHM
139,201508,139,CHEM,1211,K,4.0,A+,Z,F,BIO,201108.0,BIO
140,201508,140,CHEM,1211,K,4.0,B,Z,F,BIO,201108.0,BIO
141,201508,141,CHEM,1211,K,4.0,B,,F,IDS,201108.0,IDS
142,201508,142,CHEM,1211,K,4.0,C+,W,M,BIO,201108.0,BIO
143,201508,143,CHEM,1211,K,4.0,B,Z,F,CHM,201108.0,CHM
144,201508,144,CHEM,1211,K,4.0,B-,Z,F,CHM,201108.0,CHM
145,201508,145,CHEM,1211,K,4.0,B,W,F,BIO,201108.0,BIO
146,201508,146,CHEM,1211,K,4.0,F,B,M,BIO,201108.0,BIO
147,201508,147,CHEM,1212,K,4.0,A+,W,M,MUS,201108.0,MUS
148,201508,148,CHEM,1211,K,4.0,B,B,M,BIO,201108.0,BIO
149,201508,149,CHEM,1211,K,4.0,A,Z,F,BIO,201108.0,BIO
150,201508,150,CHEM,1211,K,4.0,B,Z,F,0000,201108.0,0000
151,201508,151,CHEM,1211,K,4.0,A-,,F,CHM,201108.0,CHM
152,201508,152,CHEM,1211,K,4.0,B+,W,F,CHM,201108.0,CHM
153,201508,153,CHEM,1211,K,4.0,C+,Z,F,BIO,201108.0,BIO
154,201508,154,CHEM,1211,K,4.0,I,W,M,BIO,201108.0,BIO
155,201508,155,CHEM,1211,K,4.0,B+,B,M,NEUR,201108.0,NEUR
156,201508,156,CHEM,1211,K,4.0,B,B,M,CHM,201108.0,CHM
157,201508,157,CHEM,1211,K,4.0,C+,B,M,BIO,201108.0,BIO
158,201508,158,CHEM,1211,K,4.0,A,W,M,CHM,201108.0,CHM
159,201508,159,CHEM,1211,K,4.0,C,Z,F,0000,201108.0,0000
160,201508,160,CHEM,1211,K,4.0,B,W,F,0000,201108.0,0000
161,201508,161,CHEM,1211,K,4.0,B,Z,M,BIO,201108.0,BIO
162,201508,162,CHEM,1211,K,4.0,A,W,F,CHM,201108.0,CHM
163,201508,163,CHEM,1211,K,4.0,C+,,F,BIO,201108.0,BIO
164,201508,164,CHEM,1211,K,4.0,B,Z,M,PHY,201108.0,PHY
165,201508,165,CHEM,1211,K,4.0,F,B,F,BIO,201108.0,BIO
166,201508,166,CHEM,1211,K,4.0,C-,,F,BIO,201108.0,BIO
167,201508,167,CHEM,1211,K,4.0,B,W,M,BIO,201108.0,BIO
168,201508,168,CHEM,1211,K,4.0,I,W,M,BIO,201108.0,BIO
169,201508,169,CHEM,1211,K,4.0,A-,B,M,CHM,201108.0,CHM
170,201508,170,CHEM,1211,K,4.0,B+,B,M,BIO,201108.0,BIO
171,201508,171,CHEM,1211,K,4.0,B+,B,F,BIO,201108.0,BIO
172,201508,172,CHEM,1211,K,4.0,B,B,M,BIO,201108.0,BIO
173,201508,173,CHEM,1211,K,4.0,B,Z,F,BIO,201108.0,BIO
174,201508,174,CHEM,1211,K,4.0,B+,W,F,BIO,201108.0,BIO
175,201508,175,CHEM,1211,K,4.0,A,Z,F,0000,201108.0,0000
176,201508,176,CHEM,1211,K,4.0,B-,Z,M,BIO,201108.0,BIO
177,201508,177,CHEM,1211,K,4.0,B,BI,M,CHM,201108.0,CHM
178,201508,178,CHEM,1211,K,4.0,A,Z,F,BIO,201108.0,BIO
179,201508,179,CHEM,1211,K,4.0,A-,Z,M,PHY,201108.0,PHY
180,201508,180,CHEM,1211,K,4.0,A+,B,M,BIO,201108.0,BIO
181,201508,181,CHEM,1211,K,4.0,I,B,F,BIO,201108.0,BIO
182,201508,182,CHEM,1211,K,4.0,B+,B,F,0000,201108.0,0000
183,201508,183,CHEM,1211,K,4.0,F,B,F,0000,201108.0,0000
184,201508,184,CHEM,1211,K,4.0,D,B,F,BIO,201108.0,BIO
185,201508,185,CHEM,1211,K,4.0,B,B,M,BIO,201108.0,BIO
186,201508,186,CHEM,1211,K,4.0,A+,Z,M,CHM,201108.0,CHM
187,201508,187,CHEM,1211,K,4.0,C,B,F,BIO,201108.0,BIO
188,201508,188,CHEM,1211,K,4.0,A+,Z,M,BIO,201108.0,BIO
189,201508,189,CHEM,1211,K,4.0,A+,,M,CHM,201108.0,CHM
190,201508,190,CHEM,1211,K,4.0,A,W,M,BIO,201108.0,BIO
191,201508,191,CHEM,1211,K,4.0,B+,Z,F,BIO,201108.0,BIO
192,201508,192,CHEM,1211,K,4.0,W,W,F,CHM,201108.0,CHM
193,201508,193,CHEM,1211,K,4.0,A-,B,F,BIO,201108.0,BIO
194,201508,194,CHEM,1211,K,4.0,A-,Z,M,BIO,201108.0,BIO
195,201508,195,CHEM,1211,K,4.0,C+,Z,M,CHM,201108.0,CHM
196,201508,196,CHEM,2400,,4.0,F,B,F,BIO,201108.0,BIO
197,201508,197,CHEM,1211,K,4.0,A-,B,M,BIO,201108.0,BIO
198,201508,198,CHEM,1211,K,4.0,B+,W,M,BIO,201108.0,BIO
199,201508,199,CHEM,1211,K,4.0,B,W,F,BIO,201108.0,BIO
200,201508,200,CHEM,1211,K,4.0,A,W,M,0000,201108.0,0000
201,201508,201,CHEM,1211,K,4.0,C-,B,F,BIO,201108.0,BIO
202,201508,202,CHEM,1211,K,4.0,C+,B,M,BIO,201108.0,BIO
203,201508,203,CHEM,1211,K,4.0,F,B,M,PSY,201108.0,PSY
204,201508,204,CHEM,1211,K,4.0,A+,W,M,0000,201108.0,0000
205,201508,205,CHEM,1211,K,4.0,B-,B,M,BIO,201108.0,BIO
206,201508,206,CHEM,1211,K,4.0,C,W,F,CHM,201108.0,CHM
207,201508,207,CHEM,1211,K,4.0,A,W,M,BIO,201108.0,BIO
208,201508,208,CHEM,1212,K,4.0,D,B,M,BIO,201108.0,BIO
209,201508,209,CHEM,1211,K,4.0,B,Z,M,0000,201108.0,0000
210,201508,210,CHEM,1211,K,4.0,B+,B,F,BIO,201108.0,BIO
211,201508,211,CHEM,1211,K,4.0,B-,Z,F,0000,201108.0,0000
212,201508,212,CHEM,1211,K,4.0,C-,Z,M,0000,201108.0,0000
213,201508,213,CHEM,1211,K,4.0,A+,W,F,CHM,201108.0,CHM
214,201508,214,CHEM,1211,K,4.0,B+,W,M,BIO,201108.0,BIO
215,201508,215,CHEM,1211,K,4.0,B-,Z,F,BIO,201108.0,BIO
216,201508,216,CHEM,1211,K,4.0,A+,IPWZ,M,BIO,201108.0,BIO
217,201508,217,CHEM,1211,K,4.0,C-,W,M,BIO,201108.0,BIO
218,201508,218,CHEM,1211,K,4.0,C+,W,M,PHY,201108.0,PHY
219,201508,219,CHEM,1211,K,4.0,A,,F,BIO,201108.0,BIO
220,201508,220,CHEM,1211,K,4.0,B+,W,M,BIO,201108.0,BIO
221,201508,221,CHEM,1211,K,4.0,B+,W,M,BIO,201108.0,BIO
222,201508,222,CHEM,1211,K,4.0,W,B,M,0000,201108.0,0000
223,201508,223,CHEM,1211,K,4.0,B,W,F,IDS,201108.0,IDS
224,201508,224,CHEM,2400,,4.0,B,Z,M,BIO,201108.0,BIO
225,201508,225,CHEM,1211,K,4.0,A+,W,M,BIO,201108.0,BIO
226,201508,226,CHEM,1211,K,4.0,B+,B,F,BIO,201108.0,BIO
227,201508,227,CHEM,1211,K,4.0,C,B,F,BIO,201108.0,BIO
228,201508,228,CHEM,1211,K,4.0,F,W,M,BIO,201108.0,BIO
229,201508,229,CHEM,1211,K,4.0,B,B,F,BIO,201108.0,BIO
230,201508,230,CHEM,1211,K,4.0,A,Z,M,CHM,201108.0,CHM
231,201508,231,CHEM,1211,K,4.0,B,W,F,PSY,201108.0,PSY
232,201508,232,CHEM,1211,K,4.0,B,PWZ,F,BIO,201108.0,BIO
233,201508,233,CHEM,2400,,4.0,I,W,F,BIO,201108.0,BIO
234,201508,234,CHEM,1211,K,4.0,B,B,F,CHM,201108.0,CHM
235,201508,235,CHEM,2400,,4.0,W,B,F,0000,201108.0,0000
236,201508,236,CHEM,1211,K,4.0,C,W,M,CHM,201108.0,CHM
237,201508,237,CHEM,1211,K,4.0,A-,B,F,MTH,201108.0,MTH
238,201508,238,CHEM,1211,K,4.0,B,W,M,0000,201108.0,0000
239,201508,239,CHEM,1211,K,4.0,A,W,M,BIO,201108.0,BIO
240,201508,240,CHEM,1211,K,4.0,A,Z,M,CSC,201108.0,CSC
241,201508,241,CHEM,1211,K,4.0,C-,W,M,BIO,201108.0,BIO
242,201508,242,CHEM,1211,K,4.0,C+,Z,M,BIO,201108.0,BIO
243,201508,243,CHEM,1211,K,4.0,A,Z,M,BIO,201108.0,BIO
244,201508,244,CHEM,1211,K,4.0,F,W,M,CHM,201108.0,CHM
245,201508,245,CHEM,1211,K,4.0,A-,W,M,BUE,201108.0,BUE
246,201508,246,CHEM,1211,K,4.0,B,W,M,PHY,201108.0,PHY
247,201508,247,CHEM,2400,,4.0,A+,,F,BIO,201108.0,BIO
248,201508,248,CHEM,2400,,4.0,W,B,F,BIO,201108.0,BIO
249,201508,249,CHEM,1211,K,4.0,W,W,M,CHM,201108.0,CHM
250,201508,250,CHEM,1211,K,4.0,B-,Z,M,BIO,201108.0,BIO
251,201508,251,CHEM,1211,K,4.0,B-,Z,M,0000,201108.0,0000
252,201508,252,CHEM,1211,K,4.0,I,B,F,BIO,201108.0,BIO
253,201508,253,CHEM,1211,K,4.0,B,B,F,CHM,201108.0,CHM
254,201508,254,CHEM,1211,K,4.0,B,B,F,CHM,201108.0,CHM
255,201508,255,CHEM,2400,,4.0,B+,B,F,SPCM,201108.0,SPCM
256,201508,256,CHEM,1211,K,4.0,A,Z,F,0000,201108.0,0000
257,201508,257,CHEM,2400,,4.0,C,Z,M,BIO,201108.0,BIO
258,201508,258,CHEM,1211,K,4.0,A-,B,M,BIO,201108.0,BIO
259,201508,259,CHEM,1211,K,4.0,B-,WZ,M,0000,201108.0,0000
260,201508,260,CHEM,1211,K,4.0,A-,B,M,BIO,201108.0,BIO
261,201508,261,CHEM,1212,K,4.0,W,B,M,BIO,201108.0,BIO
262,201508,262,CHEM,1211,K,4.0,A-,B,F,0000,201108.0,0000
263,201508,263,CHEM,1211,K,4.0,F,W,F,BIO,201108.0,BIO
264,201508,264,CHEM,1212,K,4.0,A,W,F,BIO,201108.0,BIO
265,201508,265,CHEM,1211,K,4.0,B,W,M,0000,201108.0,0000
266,201508,266,CHEM,1211,K,4.0,A,W,F,NUR,201108.0,NUR
267,201508,267,CHEM,1211,K,4.0,A-,WZ,M,0000,201108.0,0000
268,201508,268,CHEM,1211,K,4.0,A,,M,0000,201108.0,0000
269,201508,269,CHEM,2400,,4.0,B+,W,M,BIO,201108.0,BIO
270,201508,270,CHEM,1211,K,4.0,B,B,F,CHM,201108.0,CHM
271,201508,271,CHEM,1211,K,4.0,B+,,F,BIO,201108.0,BIO
272,201508,272,CHEM,1211,K,4.0,A,B,M,CHM,201108.0,CHM
273,201508,273,CHEM,1211,K,4.0,C,W,F,BIO,201108.0,BIO
274,201508,274,CHEM,1212,K,4.0,C+,W,F,0000,201108.0,0000
275,201508,275,CHEM,1211,K,4.0,A+,B,F,PSY,201108.0,PSY
276,201508,276,CHEM,2400,,4.0,C,Z,F,CHM,201108.0,CHM
277,201508,277,CHEM,2400,,4.0,A,W,M,0000,201108.0,0000
278,201508,278,CHEM,1211,K,4.0,F,W,M,NEUR,201108.0,NEUR
279,201508,279,CHEM,2400,,4.0,C+,,M,BIO,201108.0,BIO
280,201508,280,CHEM,2400,,4.0,B+,B,F,CHM,201108.0,CHM
281,201508,281,CHEM,2400,,4.0,A+,,F,BIO,201108.0,BIO
282,201508,282,CHEM,2400,,4.0,A,Z,F,REL,201108.0,REL
283,201508,283,CHEM,2400,,4.0,W,B,F,BIO,201108.0,BIO
284,201508,284,CHEM,1211,K,4.0,B+,W,F,0000,201108.0,0000
285,201508,285,CHEM,1211,K,4.0,A+,B,F,CHM,201108.0,CHM
286,201508,286,CHEM,1212,K,4.0,W,W,F,0000,201108.0,0000
287,201508,287,CHEM,1211,K,4.0,A+,W,F,BIO,201108.0,BIO
288,201508,288,CHEM,1211,K,4.0,C,B,M,CHM,201108.0,CHM
289,201508,289,CHEM,2400,,4.0,A+,W,M,0000,201108.0,0000
290,201508,289,CHEM,1211,K,4.0,A+,W,M,0000,201108.0,0000
291,201508,290,CHEM,2400,,4.0,A+,W,M,CHM,201108.0,CHM
292,201508,291,CHEM,2400,,4.0,B-,B,M,BIO,201108.0,BIO
293,201508,292,CHEM,1211,K,4.0,C+,W,F,NUR,201108.0,NUR
294,201508,293,CHEM,2400,,4.0,W,B,F,CHM,201108.0,CHM
295,201508,294,CHEM,2400,,4.0,W,W,M,BIO,201108.0,BIO
296,201508,295,CHEM,2400,,4.0,C,B,F,NTR,201108.0,NTR
297,201508,296,CHEM,1211,K,4.0,A+,W,M,0000,201108.0,0000
298,201601,297,CHEM,1211,K,4.0,W,B,F,BIO,201201.0,BIO
299,201601,298,CHEM,2400,,4.0,B,Z,M,0000,201201.0,0000
300,201601,299,CHEM,1212,K,4.0,B,B,F,BIO,201108.0,BIO
301,201601,300,CHEM,1211,K,4.0,C+,BW,F,CHM,201201.0,CHM
302,201601,301,CHEM,1212,K,4.0,W,W,F,0000,201201.0,0000
303,201601,301,CHEM,1211,K,4.0,I,W,F,0000,201201.0,0000
304,201601,4,CHEM,1212,K,4.0,W,B,M,BIO,201108.0,BIO
305,201601,5,CHEM,1212,K,4.0,A+,W,F,NUR,201108.0,NUR
306,201601,302,CHEM,1212,K,4.0,F,B,F,BIO,201108.0,BIO
307,201601,303,CHEM,1211,K,4.0,A,W,M,0000,201108.0,0000
308,201601,11,CHEM,1212,K,4.0,B,W,M,PSY,201108.0,PSY
309,201601,304,CHEM,1211,K,4.0,B-,B,F,BIO,201108.0,BIO
310,201601,305,CHEM,1211,K,4.0,I,B,M,BIO,201108.0,BIO
311,201601,12,CHEM,1211,K,4.0,C-,B,M,BIO,201108.0,BIO
312,201601,306,CHEM,1211,K,4.0,B,W,F,IDS,201108.0,IDS
313,201601,307,CHEM,2400,,4.0,C,B,M,BIO,201108.0,BIO
314,201601,14,CHEM,1212,K,4.0,A+,,M,BIO,201108.0,BIO
315,201601,308,CHEM,2400,,4.0,C+,W,F,CHM,201201.0,CHM
316,201601,15,CHEM,1212,K,4.0,B+,Z,M,SOC,201108.0,CHM
317,201601,309,CHEM,1211,K,4.0,B-,W,M,PSY,201108.0,PSY
318,201601,310,CHEM,1212,K,4.0,B-,B,F,BIO,201108.0,BIO
319,201601,311,CHEM,1211,K,4.0,C-,B,F,BIO,201108.0,BIO
320,201601,312,CHEM,1211,K,4.0,B-,B,F,RTP,201108.0,RTP
321,201601,19,CHEM,1212,K,4.0,B,B,M,BIO,201108.0,BIO
322,201601,20,CHEM,1212,K,4.0,W,B,M,BIO,201108.0,BIO
323,201601,313,CHEM,2400,,4.0,A,Z,M,BIO,201108.0,BIO
324,201601,314,CHEM,1212,K,4.0,W,,M,CHM,201108.0,CHM
325,201601,315,CHEM,1212,K,4.0,W,W,M,BIO,201108.0,BIO
326,201601,25,CHEM,1212,K,4.0,W,W,F,PSY,201108.0,PSY
327,201601,316,CHEM,1212,K,4.0,B,B,M,BIO,201108.0,BIO
328,201601,317,CHEM,2400,,4.0,A,Z,F,PSY,201201.0,PSY
329,201601,318,CHEM,1212,K,4.0,A,IP,M,BIO,201108.0,BIO
330,201601,27,CHEM,2400,,4.0,B,Z,F,BIO,201108.0,BIO
331,201601,29,CHEM,1212,K,4.0,C-,,M,BIO,201108.0,BIO
332,201601,29,CHEM,2400,,4.0,F,,M,BIO,201108.0,BIO
333,201601,319,CHEM,1211,K,4.0,C+,B,F,BIO,201108.0,BIO
334,201601,320,CHEM,1211,K,4.0,C,B,F,BIO,201108.0,BIO
335,201601,321,CHEM,2400,,4.0,B,B,M,BIO,201108.0,BIO
336,201601,322,CHEM,1212,K,4.0,F,B,F,BIO,201108.0,BIO
337,201601,323,CHEM,1211,K,4.0,C+,B,F,BIO,201108.0,BIO
338,201601,324,CHEM,2400,,4.0,C+,B,F,BIO,201108.0,BIO
339,201601,325,CHEM,1212,K,4.0,C,B,F,BIO,201108.0,BIO
340,201601,34,CHEM,2400,,4.0,B,Z,F,PSY,201108.0,BIO
341,201601,326,CHEM,1211,K,4.0,B,B,F,MTH,201108.0,MTH
342,201601,327,CHEM,1211,K,4.0,W,Z,F,BIO,201108.0,BIO
343,201601,37,CHEM,1212,K,4.0,C+,B,F,BIO,201108.0,BIO
344,201601,328,CHEM,1211,K,4.0,A-,B,F,BIO,201108.0,BIO
345,201601,329,CHEM,1211,K,4.0,A+,B,F,BIO,201108.0,BIO
346,201601,330,CHEM,1211,K,4.0,B,B,F,BIO,201108.0,BIO
347,201601,331,CHEM,1211,K,4.0,C+,W,F,BIO,201108.0,BIO
348,201601,332,CHEM,1212,K,4.0,B,W,F,0000,201201.0,0000
349,201601,333,CHEM,1212,K,4.0,A-,I,F,BIO,201108.0,BIO
350,201601,334,CHEM,1212,K,4.0,C-,B,M,MK,201108.0,MK
351,201601,40,CHEM,1212,K,4.0,A-,W,F,BIO,201108.0,BIO
352,201601,335,CHEM,1212,K,4.0,B,W,M,BIO,201108.0,BIO
353,201601,335,CHEM,2400,,4.0,B+,W,M,BIO,201108.0,BIO
354,201601,336,CHEM,1212,K,4.0,B,Z,F,BIO,201108.0,BIO
355,201601,337,CHEM,1211,K,4.0,C+,W,M,PSY,201108.0,ENG
356,201601,338,CHEM,1211,K,4.0,F,B,F,BIO,201108.0,BIO
357,201601,339,CHEM,1211,K,4.0,F,B,F,0000,201108.0,0000
358,201601,340,CHEM,1212,K,4.0,C-,W,F,NUR,201108.0,NUR
359,201601,45,CHEM,1212,K,4.0,A,B,F,BIO,201108.0,BIO
360,201601,341,CHEM,1211,K,4.0,C,Z,M,BUE,201108.0,BUE
361,201601,342,CHEM,1212,K,4.0,C+,Z,F,BIO,201108.0,BIO
362,201601,343,CHEM,1211,K,4.0,F,,F,BIO,201108.0,BIO
363,201601,47,CHEM,1212,K,4.0,C,B,F,CHM,201108.0,CHM
364,201601,344,CHEM,1212,K,4.0,B-,B,M,EXS,201108.0,EXS
365,201601,345,CHEM,1211,K,4.0,C,,M,BIO,201108.0,BIO
366,201601,346,CHEM,1212,K,4.0,I,B,F,BIO,201108.0,BIO
367,201601,347,CHEM,1211,K,4.0,A+,Z,F,BIO,201108.0,BIO
368,201601,48,CHEM,1212,K,4.0,B-,Z,M,0000,201108.0,0000
369,201601,348,CHEM,1211,K,4.0,C,B,F,BIO,201108.0,BIO
370,201601,349,CHEM,1211,K,4.0,C,W,M,PSY,201108.0,PSY
371,201601,51,CHEM,1212,K,4.0,B,W,M,BIO,201108.0,BIO
372,201601,350,CHEM,1211,K,4.0,C-,B,F,CHM,201108.0,CHM
373,201601,52,CHEM,1212,K,4.0,A,Z,F,BIO,201108.0,BIO
374,201601,54,CHEM,1212,K,4.0,B,B,F,BIO,201108.0,BIO
375,201601,351,CHEM,1211,K,4.0,C+,B,F,BIO,201108.0,BIO
376,201601,352,CHEM,1212,K,4.0,B,B,F,BIO,201108.0,0000
377,201601,353,CHEM,1211,K,4.0,A,Z,M,0000,201108.0,0000
378,201601,58,CHEM,1212,K,4.0,W,W,M,BIO,201108.0,BIO
379,201601,354,CHEM,1211,K,4.0,C+,Z,M,BIO,201108.0,BIO
380,201601,355,CHEM,1212,K,4.0,A-,B,M,CHM,201108.0,PSY
381,201601,356,CHEM,1212,K,4.0,C+,B,M,CHM,201108.0,CHM
382,201601,59,CHEM,1212,K,4.0,B-,B,F,0000,201108.0,0000
383,201601,357,CHEM,1211,K,4.0,F,Z,M,BIO,201108.0,BIO
384,201601,60,CHEM,1212,K,4.0,A-,Z,F,BIO,201108.0,BIO
385,201601,61,CHEM,1212,K,4.0,A,Z,F,BIO,201108.0,BIO
386,201601,358,CHEM,1211,K,4.0,B-,B,F,PSY,201108.0,PSY
387,201601,359,CHEM,1211,K,4.0,C+,Z,M,BIO,201108.0,BIO
388,201601,62,CHEM,1212,K,4.0,A-,W,F,BIO,201108.0,BIO
389,201601,63,CHEM,1212,K,4.0,C,B,M,BIO,201108.0,BIO
390,201601,360,CHEM,1211,K,4.0,C,B,F,BIO,201108.0,EXS
391,201601,64,CHEM,1212,K,4.0,C,BW,F,CHM,201108.0,CHM
392,201601,65,CHEM,1212,K,4.0,B-,B,M,BIO,201108.0,BIO
393,201601,361,CHEM,1211,K,4.0,B-,B,F,BIO,201108.0,BIO
394,201601,362,CHEM,1211,K,4.0,W,Z,M,0000,201108.0,0000
395,201601,363,CHEM,1211,K,4.0,A,B,F,BIO,201108.0,BIO
396,201601,364,CHEM,1211,K,4.0,A-,,M,BIO,201108.0,BIO
397,201601,365,CHEM,1211,K,4.0,W,W,F,PSY,201108.0,PSY
398,201601,366,CHEM,1211,K,4.0,B,B,F,BIO,201108.0,BIO
399,201601,367,CHEM,1211,K,4.0,B-,B,F,NUR,201108.0,NUR
400,201601,67,CHEM,1212,K,4.0,A,B,F,BIO,201108.0,BIO
401,201601,68,CHEM,1212,K,4.0,B-,B,M,BIO,201108.0,BIO
402,201601,368,CHEM,1211,K,4.0,C-,W,F,0000,201108.0,0000
403,201601,69,CHEM,1212,K,4.0,A-,B,F,BIO,201108.0,BIO
404,201601,70,CHEM,1212,K,4.0,A,Z,M,CHM,201108.0,CHM
405,201601,369,CHEM,1211,K,4.0,B,B,F,BIO,201108.0,BIO
406,201601,71,CHEM,1212,K,4.0,A-,B,F,BIO,201108.0,BIO
407,201601,370,CHEM,1211,K,4.0,B-,B,F,BIO,201108.0,BIO
408,201601,371,CHEM,1211,K,4.0,B,W,F,PSY,201108.0,PSY
409,201601,372,CHEM,1211,K,4.0,A,B,F,CHM,201108.0,CHM
410,201601,73,CHEM,1212,K,4.0,C+,B,M,BIO,201108.0,BIO
411,201601,75,CHEM,1212,K,4.0,W,B,F,BIO,201108.0,BIO
412,201601,373,CHEM,1211,K,4.0,B,B,F,BIO,201108.0,BIO
413,201601,77,CHEM,2400,,4.0,A+,W,M,BIO,201108.0,BIO
414,201601,78,CHEM,1212,K,4.0,B-,W,F,CHM,201108.0,CHM
415,201601,374,CHEM,1211,K,4.0,C+,B,M,0000,201108.0,0000
416,201601,375,CHEM,1212,K,4.0,B,W,M,CHM,201201.0,CHM
417,201601,376,CHEM,1211,K,4.0,A-,B,M,BIO,201108.0,BIO
418,201601,377,CHEM,1212,K,4.0,W,W,F,MK,201108.0,MK
419,201601,81,CHEM,1212,K,4.0,C-,W,M,0000,201108.0,0000
420,201601,378,CHEM,1211,K,4.0,B-,B,F,BIO,201108.0,BIO
421,201601,83,CHEM,1212,K,4.0,A+,W,M,PHY,201108.0,EC
422,201601,379,CHEM,1211,K,4.0,A,W,F,BIO,201108.0,BIO
423,201601,380,CHEM,1211,K,4.0,B,B,F,CHM,201108.0,BIO
424,201601,84,CHEM,1212,K,4.0,A-,B,M,BIO,201108.0,BIO
425,201601,85,CHEM,1212,K,4.0,A,Z,F,BIO,201108.0,BIO
426,201601,381,CHEM,1211,K,4.0,C-,W,F,BIO,201108.0,BIO
427,201601,86,CHEM,1212,K,4.0,W,B,F,BIO,201108.0,BIO
428,201601,87,CHEM,1212,K,4.0,F,B,F,PSY,201108.0,PSY
429,201601,88,CHEM,1212,K,4.0,F,B,M,POL,201108.0,CHM
430,201601,382,CHEM,1211,K,4.0,B+,Z,M,PSY,201108.0,PSY
431,201601,383,CHEM,1211,K,4.0,W,W,F,BIO,201108.0,BIO
432,201601,384,CHEM,1211,K,4.0,C+,B,F,BIO,201108.0,0000
433,201601,385,CHEM,1211,K,4.0,B-,W,F,BIO,201108.0,BIO
434,201601,386,CHEM,1211,K,4.0,A,Z,F,BIO,201108.0,BIO
435,201601,387,CHEM,1211,K,4.0,F,W,M,0000,201108.0,0000
436,201601,91,CHEM,1212,K,4.0,B,W,M,BIO,201108.0,BIO
437,201601,94,CHEM,1212,K,4.0,A-,Z,M,CHM,201108.0,CHM
438,201601,95,CHEM,1212,K,4.0,A+,Z,M,0000,201108.0,0000
439,201601,96,CHEM,1212,K,4.0,A,Z,F,BIO,201108.0,BIO
440,201601,388,CHEM,1211,K,4.0,C,B,F,BIO,201108.0,BIO
441,201601,98,CHEM,1212,K,4.0,A,W,M,BIO,201108.0,BIO
442,201601,389,CHEM,1211,K,4.0,A-,Z,M,EXS,201108.0,EXS
443,201601,100,CHEM,1212,K,4.0,C+,Z,M,BIO,201108.0,BIO
444,201601,390,CHEM,1211,K,4.0,C+,B,M,BIO,201108.0,BIO
445,201601,101,CHEM,1212,K,4.0,B,W,M,PHY,201108.0,PHY
446,201601,102,CHEM,1212,K,4.0,A+,Z,M,0000,201108.0,0000
447,201601,103,CHEM,2400,,4.0,A,B,F,CHM,201108.0,CHM
448,201601,391,CHEM,1211,K,4.0,W,W,F,BIO,201108.0,IEML
449,201601,104,CHEM,1212,K,4.0,A+,Z,M,BIO,201108.0,BIO
450,201601,105,CHEM,1212,K,4.0,A+,Z,M,BIO,201108.0,BIO
451,201601,392,CHEM,1211,K,4.0,B,Z,F,BIO,201108.0,BIO
452,201601,106,CHEM,1212,K,4.0,B+,W,F,BIO,201108.0,BIO
453,201601,393,CHEM,1211,K,4.0,B-,B,F,BIO,201108.0,BIO
454,201601,394,CHEM,1211,K,4.0,F,B,F,BIO,201108.0,BIO
455,201601,395,CHEM,1211,K,4.0,B-,Z,M,0000,201108.0,0000
456,201601,107,CHEM,1212,K,4.0,B+,Z,M,BIO,201108.0,BIO
457,201601,108,CHEM,1212,K,4.0,B+,W,M,BIO,201108.0,BIO
458,201601,396,CHEM,1211,K,4.0,A-,WZ,M,PHY,201108.0,PHY
459,201601,397,CHEM,1211,K,4.0,A,B,M,0000,201108.0,0000
460,201601,110,CHEM,1212,K,4.0,C-,Z,F,BIO,201108.0,BIO
461,201601,398,CHEM,1211,K,4.0,C+,Z,F,BIO,201108.0,BIO
462,201601,112,CHEM,1212,K,4.0,C,W,M,BIO,201108.0,BIO
463,201601,399,CHEM,1211,K,4.0,A,Z,F,BIO,201108.0,BIO
464,201601,113,CHEM,1212,K,4.0,B,W,F,BIO,201108.0,BIO
465,201601,400,CHEM,1211,K,4.0,A,B,F,BIO,201108.0,0000
466,201601,401,CHEM,1211,K,4.0,C,W,F,BIO,201108.0,BIO
467,201601,114,CHEM,1212,K,4.0,W,B,M,BIO,201108.0,BIO
468,201601,402,CHEM,1211,K,4.0,B,Z,F,PSY,201108.0,PSY
469,201601,403,CHEM,1211,K,4.0,B-,Z,M,BIO,201108.0,BIO
470,201601,116,CHEM,1212,K,4.0,A,W,F,BIO,201108.0,BIO
471,201601,404,CHEM,1211,K,4.0,C,B,F,BIO,201108.0,BIO
472,201601,405,CHEM,1211,K,4.0,A-,B,F,CHM,201108.0,CHM
473,201601,406,CHEM,1211,K,4.0,C+,BW,M,0000,201108.0,0000
474,201601,117,CHEM,1212,K,4.0,A-,Z,F,CHM,201108.0,CHM
475,201601,407,CHEM,1211,K,4.0,A-,B,F,BIO,201108.0,BIO
476,201601,408,CHEM,1211,K,4.0,C,B,F,PSY,201108.0,PSY
477,201601,409,CHEM,1211,K,4.0,I,Z,M,BIO,201108.0,BIO
478,201601,410,CHEM,1211,K,4.0,W,B,F,BIO,201108.0,BIO
479,201601,411,CHEM,1211,K,4.0,C-,W,M,0000,201108.0,0000
480,201601,118,CHEM,1212,K,4.0,A,Z,M,CHM,201108.0,CHM
481,201601,412,CHEM,1211,K,4.0,F,B,F,NUR,201108.0,NUR
482,201601,120,CHEM,1212,K,4.0,A+,W,F,BIO,201108.0,BIO
483,201601,413,CHEM,1211,K,4.0,B,B,F,BIO,201108.0,NUR
484,201601,414,CHEM,1211,K,4.0,A-,W,F,BIO,201108.0,BIO
485,201601,415,CHEM,1211,K,4.0,W,W,F,CHM,201108.0,CHM
486,201601,121,CHEM,1212,K,4.0,A+,Z,M,BIO,201108.0,BIO
487,201601,122,CHEM,1212,K,4.0,B-,Z,M,0000,201108.0,0000
488,201601,416,CHEM,1211,K,4.0,W,,F,EC,201108.0,CHM
489,201601,417,CHEM,1211,K,4.0,I,B,F,BIO,201108.0,BIO
490,201601,418,CHEM,1211,K,4.0,B,Z,F,BIO,201108.0,SPA
491,201601,127,CHEM,1212,K,4.0,B,B,M,BIO,201108.0,BIO
492,201601,128,CHEM,1212,K,4.0,W,Z,M,BIO,201108.0,BIO
493,201601,419,CHEM,1211,K,4.0,B-,B,F,EXS,201108.0,EXS
494,201601,130,CHEM,1212,K,4.0,A+,Z,M,BIO,201108.0,BIO
495,201601,420,CHEM,1211,K,4.0,B-,BI,F,CHM,201108.0,CHM
496,201601,421,CHEM,1211,K,4.0,C-,B,F,BIO,201108.0,BIO
497,201601,131,CHEM,1212,K,4.0,W,W,M,0000,201108.0,0000
498,201601,422,CHEM,1211,K,4.0,D,B,F,CHM,201108.0,CHM
499,201601,423,CHEM,1211,K,4.0,A-,Z,M,BIO,201108.0,BIO
500,201601,424,CHEM,1211,K,4.0,C-,B,F,CHM,201108.0,CHM
501,201601,132,CHEM,1212,K,4.0,W,Z,F,BIO,201108.0,BIO
502,201601,425,CHEM,1211,K,4.0,C,B,F,BIO,201108.0,BIO
503,201601,426,CHEM,1211,K,4.0,C+,W,M,HIS,201108.0,HIS
504,201601,134,CHEM,1212,K,4.0,A,Z,F,PSY,201108.0,PSY
505,201601,427,CHEM,1211,K,4.0,B,WZ,F,BIO,201108.0,BIO
506,201601,428,CHEM,1211,K,4.0,C+,Z,F,CHM,201108.0,CHM
507,201601,136,CHEM,1212,K,4.0,A-,Z,F,BIO,201108.0,BIO
508,201601,137,CHEM,1212,K,4.0,A+,W,F,CHM,201108.0,CHM
509,201601,138,CHEM,1212,K,4.0,A,B,F,CHM,201108.0,CHM
510,201601,429,CHEM,1211,K,4.0,B-,B,F,EXS,201108.0,EXS
511,201601,430,CHEM,1211,K,4.0,A-,B,F,CHM,201108.0,CHM
512,201601,139,CHEM,1212,K,4.0,A-,Z,F,BIO,201108.0,BIO
513,201601,140,CHEM,1212,K,4.0,C+,Z,F,BIO,201108.0,BIO
514,201601,141,CHEM,1212,K,4.0,C,,F,BIO,201108.0,IDS
515,201601,142,CHEM,1212,K,4.0,I,W,M,BIO,201108.0,BIO
516,201601,143,CHEM,1212,K,4.0,B,Z,F,CHM,201108.0,CHM
517,201601,144,CHEM,1212,K,4.0,B-,Z,F,CHM,201108.0,CHM
518,201601,145,CHEM,1212,K,4.0,B,W,F,BIO,201108.0,BIO
519,201601,431,CHEM,1211,K,4.0,B,W,M,FR,201108.0,FR
520,201601,148,CHEM,1212,K,4.0,B,B,M,BIO,201108.0,BIO
521,201601,432,CHEM,1211,K,4.0,A,B,F,EXS,201108.0,EXS
522,201601,433,CHEM,1211,K,4.0,A-,B,F,BIO,201108.0,BIO
523,201601,434,CHEM,1211,K,4.0,B+,Z,F,BIO,201108.0,BIO
524,201601,435,CHEM,1211,K,4.0,B,Z,F,BIO,201108.0,BIO
525,201601,436,CHEM,1211,K,4.0,B,B,F,BIO,201108.0,BIO
526,201601,437,CHEM,1211,K,4.0,W,B,F,BIO,201201.0,BIO
527,201601,150,CHEM,1212,K,4.0,B-,Z,F,CHM,201108.0,0000
528,201601,438,CHEM,1211,K,4.0,I,Z,M,BIO,201108.0,BIO
529,201601,439,CHEM,1211,K,4.0,C-,Z,M,EXS,201108.0,BIO
530,201601,440,CHEM,1211,K,4.0,B,B,F,NEUR,201108.0,PSY
531,201601,441,CHEM,1211,K,4.0,C,Z,F,BIO,201108.0,BIO
532,201601,442,CHEM,1211,K,4.0,C-,B,M,BIO,201108.0,BIO
533,201601,151,CHEM,1212,K,4.0,B-,,F,CHM,201108.0,CHM
534,201601,443,CHEM,1211,K,4.0,A-,W,M,BIO,201108.0,BIO
535,201601,152,CHEM,1212,K,4.0,B+,W,F,CHM,201108.0,CHM
536,201601,444,CHEM,1211,K,4.0,C-,B,M,0000,201108.0,0000
537,201601,445,CHEM,1211,K,4.0,C,B,F,BIO,201108.0,BIO
538,201601,153,CHEM,1212,K,4.0,C+,Z,F,BIO,201108.0,BIO
539,201601,446,CHEM,1211,K,4.0,C+,B,F,BIO,201108.0,BIO
540,201601,447,CHEM,1211,K,4.0,A,Z,M,PHY,201108.0,PHY
541,201601,448,CHEM,1211,K,4.0,C-,B,M,BIO,201108.0,NUR
542,201601,449,CHEM,1211,K,4.0,A-,Z,F,BIO,201108.0,BIO
543,201601,155,CHEM,1212,K,4.0,B,B,M,NUR,201108.0,NEUR
544,201601,450,CHEM,1212,K,4.0,F,W,M,BIO,201108.0,BIO
545,201601,156,CHEM,1212,K,4.0,F,B,M,CHM,201108.0,CHM
546,201601,451,CHEM,1211,K,4.0,B,IP,M,BIO,201108.0,BIO
547,201601,452,CHEM,1211,K,4.0,W,Z,M,BIO,201108.0,BIO
548,201601,453,CHEM,1211,K,4.0,A,W,M,BIO,201108.0,BIO
549,201601,454,CHEM,1211,K,4.0,B,Z,M,BIO,201108.0,BIO
550,201601,455,CHEM,1211,K,4.0,C,B,F,BIO,201108.0,BIO
551,201601,158,CHEM,1212,K,4.0,A,W,M,CHM,201108.0,CHM
552,201601,159,CHEM,1212,K,4.0,D,Z,F,0000,201108.0,0000
553,201601,456,CHEM,1211,K,4.0,B,,M,BIO,201108.0,BIO
554,201601,457,CHEM,1211,K,4.0,A-,W,F,BIO,201108.0,BIO
555,201601,458,CHEM,1211,K,4.0,C-,B,M,BIO,201108.0,BIO
556,201601,459,CHEM,1211,K,4.0,C+,Z,F,BIO,201108.0,0000
557,201601,160,CHEM,1212,K,4.0,W,W,F,BIO,201108.0,0000
558,201601,161,CHEM,1212,K,4.0,C,Z,M,BIO,201108.0,BIO
559,201601,162,CHEM,1212,K,4.0,A+,W,F,CHM,201108.0,CHM
560,201601,163,CHEM,1212,K,4.0,C,,F,BIO,201108.0,BIO
561,201601,460,CHEM,1211,K,4.0,C+,B,F,BIO,201108.0,BIO
562,201601,461,CHEM,1211,K,4.0,W,W,M,BIO,201108.0,BIO
563,201601,462,CHEM,1211,K,4.0,B,B,F,BIO,201108.0,BIO
564,201601,164,CHEM,1212,K,4.0,B,Z,M,PHY,201108.0,PHY
565,201601,463,CHEM,1211,K,4.0,A,Z,M,BIO,201108.0,EXS
566,201601,464,CHEM,1211,K,4.0,A-,B,F,BIO,201108.0,BIO
567,201601,166,CHEM,1212,K,4.0,C-,,F,BIO,201108.0,BIO
568,201601,169,CHEM,1212,K,4.0,A,B,M,CHM,201108.0,CHM
569,201601,170,CHEM,1212,K,4.0,B,B,M,BIO,201108.0,BIO
570,201601,465,CHEM,1211,K,4.0,B,B,F,CHM,201108.0,CHM
571,201601,171,CHEM,1212,K,4.0,B+,B,F,BIO,201108.0,BIO
572,201601,466,CHEM,1211,K,4.0,A-,B,M,BIO,201108.0,BIO
573,201601,467,CHEM,1211,K,4.0,B,WZ,F,NEUR,201108.0,MTH
574,201601,172,CHEM,1212,K,4.0,A,B,M,BIO,201108.0,BIO
575,201601,468,CHEM,1211,K,4.0,B,B,F,BIO,201108.0,BIO
576,201601,469,CHEM,1211,K,4.0,C+,Z,M,BIO,201108.0,BIO
577,201601,173,CHEM,1212,K,4.0,B+,Z,F,BIO,201108.0,BIO
578,201601,470,CHEM,1211,K,4.0,B,B,F,BIO,201108.0,BIO
579,201601,471,CHEM,1211,K,4.0,C-,B,F,BIO,201108.0,BIO
580,201601,175,CHEM,1212,K,4.0,B,Z,F,BIO,201108.0,0000
581,201601,176,CHEM,1212,K,4.0,C-,Z,M,BIO,201108.0,BIO
582,201601,472,CHEM,1211,K,4.0,B,Z,F,BIO,201108.0,BIO
583,201601,473,CHEM,1211,K,4.0,B,Z,M,0000,201108.0,0000
584,201601,177,CHEM,1212,K,4.0,B-,BI,M,CHM,201108.0,CHM
585,201601,179,CHEM,1212,K,4.0,W,Z,M,PHY,201108.0,PHY
586,201601,180,CHEM,1212,K,4.0,A+,B,M,NEUR,201108.0,BIO
587,201601,474,CHEM,1211,K,4.0,A-,W,F,BIO,201108.0,BIO
588,201601,475,CHEM,1211,K,4.0,C,B,M,0000,201108.0,0000
589,201601,182,CHEM,1212,K,4.0,B,B,F,0000,201108.0,0000
590,201601,476,CHEM,1211,K,4.0,B-,W,F,BIO,201108.0,BIO
591,201601,477,CHEM,1211,K,4.0,W,B,F,BIO,201108.0,BIO
592,201601,478,CHEM,1212,K,4.0,C+,B,F,RT,201108.0,NUR
593,201601,479,CHEM,1211,K,4.0,C+,B,F,BIO,201108.0,BIO
594,201601,480,CHEM,1211,K,4.0,D,W,F,HPE,201108.0,HPE
595,201601,481,CHEM,1211,K,4.0,A,Z,M,BUE,201108.0,BUE
596,201601,482,CHEM,1211,K,4.0,W,B,F,BIO,201108.0,BIO
597,201601,483,CHEM,1211,K,4.0,B,Z,M,BIO,201108.0,BIO
598,201601,484,CHEM,1211,K,4.0,B,B,F,BIO,201108.0,BIO
599,201601,485,CHEM,1211,K,4.0,W,B,F,BIO,201108.0,BIO
600,201601,186,CHEM,1212,K,4.0,A,Z,M,BIO,201108.0,CHM
601,201601,187,CHEM,1212,K,4.0,W,B,F,BIO,201108.0,BIO
602,201601,188,CHEM,1212,K,4.0,A+,Z,M,BIO,201108.0,BIO
603,201601,189,CHEM,1212,K,4.0,A,,M,CHM,201108.0,CHM
604,201601,486,CHEM,1211,K,4.0,C+,B,F,BIO,201108.0,BIO
605,201601,190,CHEM,1212,K,4.0,W,W,M,BIO,201108.0,BIO
606,201601,487,CHEM,1211,K,4.0,C+,Z,M,BIO,201108.0,BIO
607,201601,191,CHEM,1212,K,4.0,B,Z,F,BIO,201108.0,BIO
608,201601,488,CHEM,1211,K,4.0,B-,B,F,BIO,201108.0,BIO
609,201601,489,CHEM,1211,K,4.0,C+,I,F,EXS,201108.0,EXS
610,201601,194,CHEM,1212,K,4.0,A,Z,M,BIO,201108.0,BIO
611,201601,490,CHEM,1211,K,4.0,A-,IPZ,F,BIO,201108.0,BIO
612,201601,195,CHEM,1212,K,4.0,F,Z,M,CHM,201108.0,CHM
613,201601,491,CHEM,1211,K,4.0,W,B,F,CHM,201108.0,CHM
614,201601,197,CHEM,1212,K,4.0,B,B,M,BIO,201108.0,BIO
615,201601,492,CHEM,1211,K,4.0,C+,B,F,CHM,201108.0,BIO
616,201601,198,CHEM,1212,K,4.0,B+,W,M,BIO,201108.0,BIO
617,201601,493,CHEM,1211,K,4.0,B,BIW,F,BIO,201108.0,BIO
618,201601,494,CHEM,1211,K,4.0,C,Z,M,BIO,201108.0,BIO
619,201601,199,CHEM,1212,K,4.0,B-,W,F,BIO,201108.0,BIO
620,201601,200,CHEM,1212,K,4.0,B,W,M,CHM,201108.0,0000
621,201601,495,CHEM,1211,K,4.0,B+,Z,F,BIO,201108.0,BIO
622,201601,496,CHEM,1211,K,4.0,D,W,M,BIO,201108.0,BIO
623,201601,202,CHEM,1212,K,4.0,B,B,M,BIO,201108.0,BIO
624,201601,497,CHEM,1211,K,4.0,A-,Z,M,CSC,201108.0,CSC
625,201601,498,CHEM,1211,K,4.0,C-,,M,0000,201108.0,0000
626,201601,499,CHEM,1211,K,4.0,D,B,F,NUR,201108.0,NUR
627,201601,500,CHEM,1211,K,4.0,W,W,M,HIS,201108.0,HIS
628,201601,501,CHEM,1211,K,4.0,I,B,M,CHM,201108.0,IDS
629,201601,204,CHEM,1212,K,4.0,A,W,M,0000,201108.0,0000
630,201601,205,CHEM,1212,K,4.0,C+,B,M,BIO,201108.0,BIO
631,201601,207,CHEM,1212,K,4.0,A-,W,M,BIO,201108.0,BIO
632,201601,502,CHEM,1211,K,4.0,F,W,F,BIO,201108.0,BIO
633,201601,503,CHEM,1211,K,4.0,B-,,F,BIO,201108.0,BIO
634,201601,504,CHEM,1211,K,4.0,W,W,F,POL,201108.0,POL
635,201601,505,CHEM,1211,K,4.0,B,Z,M,BIO,201108.0,BIO
636,201601,210,CHEM,1212,K,4.0,B,B,F,BIO,201108.0,BIO
637,201601,211,CHEM,1212,K,4.0,B,Z,F,BIO,201108.0,0000
638,201601,212,CHEM,1212,K,4.0,C,Z,M,0000,201108.0,0000
639,201601,213,CHEM,1212,K,4.0,A+,W,F,CHM,201108.0,CHM
640,201601,214,CHEM,1212,K,4.0,A-,W,M,BIO,201108.0,BIO
641,201601,506,CHEM,1211,K,4.0,F,B,M,BIO,201108.0,BIO
642,201601,507,CHEM,1211,K,4.0,B,I,F,BIO,201108.0,BIO
643,201601,215,CHEM,1212,K,4.0,B-,Z,F,BIO,201108.0,BIO
644,201601,508,CHEM,1211,K,4.0,A+,,M,BIO,201201.0,BIO
645,201601,509,CHEM,1211,K,4.0,C-,B,F,BIO,201108.0,BIO
646,201601,510,CHEM,1211,K,4.0,W,Z,M,BIO,201108.0,IDS
647,201601,511,CHEM,1211,K,4.0,C+,IPZ,M,0000,201108.0,0000
648,201601,512,CHEM,1211,K,4.0,A-,B,F,CHM,201108.0,CHM
649,201601,216,CHEM,1212,K,4.0,A+,IPWZ,M,BIO,201108.0,BIO
650,201601,218,CHEM,1212,K,4.0,W,W,M,PHY,201108.0,PHY
651,201601,219,CHEM,1212,K,4.0,A,,F,BIO,201108.0,BIO
652,201601,220,CHEM,1212,K,4.0,A-,W,M,BIO,201108.0,BIO
653,201601,513,CHEM,1211,K,4.0,W,B,F,NEUR,201108.0,BIO
654,201601,514,CHEM,1211,K,4.0,W,B,F,BIO,201108.0,BIO
655,201601,515,CHEM,1211,K,4.0,A,B,M,NEUR,201108.0,NEUR
656,201601,221,CHEM,1212,K,4.0,A-,W,M,BIO,201108.0,BIO
657,201601,222,CHEM,1211,K,4.0,B-,B,M,0000,201108.0,0000
658,201601,223,CHEM,1212,K,4.0,C,W,F,IDS,201108.0,IDS
659,201601,516,CHEM,1211,K,4.0,B+,W,F,BIO,201108.0,BIO
660,201601,517,CHEM,1211,K,4.0,C,B,F,CHM,201108.0,CHM
661,201601,225,CHEM,1212,K,4.0,A+,W,M,BIO,201108.0,BIO
662,201601,226,CHEM,1212,K,4.0,A,B,F,BIO,201108.0,BIO
663,201601,518,CHEM,1211,K,4.0,C+,W,M,CHM,201108.0,CSC
664,201601,519,CHEM,2400,,4.0,A,B,M,BIO,201108.0,BIO
665,201601,520,CHEM,1211,K,4.0,C+,W,F,BIO,201108.0,BIO
666,201601,521,CHEM,1211,K,4.0,I,Z,F,PSY,201108.0,PSY
667,201601,227,CHEM,1212,K,4.0,C+,B,F,BIO,201108.0,BIO
668,201601,522,CHEM,1211,K,4.0,W,B,F,BIO,201108.0,BIO
669,201601,523,CHEM,1211,K,4.0,W,,F,PSY,201108.0,0000
670,201601,229,CHEM,1212,K,4.0,B+,B,F,BIO,201108.0,BIO
671,201601,230,CHEM,1212,K,4.0,A+,Z,M,CHM,201108.0,CHM
672,201601,524,CHEM,1211,K,4.0,A+,Z,F,BIO,201108.0,BIO
673,201601,525,CHEM,1211,K,4.0,C-,B,F,CHM,201108.0,CHM
674,201601,526,CHEM,1212,K,4.0,C,B,F,BIO,201108.0,BIO
675,201601,527,CHEM,1211,K,4.0,C,B,F,CHM,201108.0,0000
676,201601,234,CHEM,1212,K,4.0,D,B,F,CHM,201108.0,CHM
677,201601,528,CHEM,1211,K,4.0,B-,W,F,CHM,201108.0,0000
678,201601,529,CHEM,1211,K,4.0,C,B,M,BIO,201108.0,BIO
679,201601,530,CHEM,1211,K,4.0,A-,W,F,BIO,201108.0,NUR
680,201601,531,CHEM,1211,K,4.0,C-,BIPW,F,BIO,201108.0,BIO
681,201601,239,CHEM,1212,K,4.0,B,W,M,BIO,201108.0,BIO
682,201601,532,CHEM,1211,K,4.0,B,,M,BIO,201108.0,BIO
683,201601,240,CHEM,1212,K,4.0,A,Z,M,CSC,201108.0,CSC
684,201601,242,CHEM,1212,K,4.0,C,Z,M,CHM,201108.0,BIO
685,201601,533,CHEM,1211,K,4.0,W,W,F,BIO,201108.0,BIO
686,201601,534,CHEM,1211,K,4.0,C+,B,M,BIO,201108.0,BIO
687,201601,535,CHEM,1211,K,4.0,B,B,F,BIO,201108.0,0000
688,201601,245,CHEM,1212,K,4.0,A,W,M,BUE,201108.0,BUE
689,201601,536,CHEM,1211,K,4.0,B,W,M,PHY,201108.0,PHY
690,201601,537,CHEM,1211,K,4.0,B,,M,BIO,201108.0,0000
691,201601,538,CHEM,1211,K,4.0,C-,B,M,BIO,201108.0,BIO
692,201601,246,CHEM,1212,K,4.0,B,W,M,PHY,201108.0,PHY
693,201601,539,CHEM,1211,K,4.0,B,B,M,MTH,201108.0,NUR
694,201601,540,CHEM,1211,K,4.0,B,Z,F,BIO,201108.0,BIO
695,201601,541,CHEM,1211,K,4.0,I,W,F,CHM,201108.0,0000
696,201601,542,CHEM,1211,K,4.0,B,B,F,BIO,201108.0,BIO
697,201601,543,CHEM,1211,K,4.0,B-,W,F,BIO,201108.0,BIO
698,201601,544,CHEM,1211,K,4.0,B-,B,F,BIO,201108.0,BIO
699,201601,545,CHEM,1211,K,4.0,B,W,M,0000,201108.0,0000
700,201601,546,CHEM,1211,K,4.0,B,W,M,EXS,201108.0,EXS
701,201601,248,CHEM,2400,,4.0,B,B,F,BIO,201108.0,BIO
702,201601,547,CHEM,1211,K,4.0,C+,,F,BIO,201201.0,BIO
703,201601,548,CHEM,1211,K,4.0,B+,Z,F,BIO,201108.0,BIO
704,201601,250,CHEM,1212,K,4.0,C-,Z,M,BIO,201108.0,BIO
705,201601,549,CHEM,1211,K,4.0,B+,B,M,0000,201108.0,0000
706,201601,251,CHEM,1212,K,4.0,C+,Z,M,BIO,201108.0,0000
707,201601,550,CHEM,1211,K,4.0,B,B,M,PSY,201108.0,PSY
708,201601,551,CHEM,1211,K,4.0,F,Z,M,PHY,201108.0,PHY
709,201601,552,CHEM,1211,K,4.0,W,B,M,BIO,201108.0,0000
710,201601,553,CHEM,1211,K,4.0,C+,B,F,CHM,201108.0,PSY
711,201601,554,CHEM,1211,K,4.0,B-,B,F,0000,201108.0,0000
712,201601,555,CHEM,1211,K,4.0,C-,W,M,CHM,201108.0,HPE
713,201601,252,CHEM,1211,K,4.0,F,B,F,BIO,201108.0,BIO
714,201601,253,CHEM,1212,K,4.0,I,B,F,CHM,201108.0,CHM
715,201601,254,CHEM,1212,K,4.0,A,B,F,CHM,201108.0,CHM
716,201601,556,CHEM,2400,,4.0,B-,B,F,BIO,201108.0,BIO
717,201601,256,CHEM,1212,K,4.0,B,Z,F,0000,201108.0,0000
718,201601,557,CHEM,1211,K,4.0,A,Z,M,PHY,201108.0,0000
719,201601,558,CHEM,1212,K,4.0,A,Z,F,0000,201108.0,0000
720,201601,258,CHEM,1212,K,4.0,C+,B,M,BIO,201108.0,BIO
721,201601,559,CHEM,1212,K,4.0,W,B,M,CHM,201108.0,CHM
722,201601,560,CHEM,1211,K,4.0,D,B,F,BIO,201108.0,BIO
723,201601,561,CHEM,1211,K,4.0,B-,B,M,BIO,201108.0,BIO
724,201601,259,CHEM,1212,K,4.0,C+,WZ,M,0000,201108.0,0000
725,201601,562,CHEM,1211,K,4.0,C,B,F,BIO,201108.0,BIO
726,201601,260,CHEM,1212,K,4.0,C+,B,M,BIO,201108.0,BIO
727,201601,261,CHEM,1212,K,4.0,F,B,M,BIO,201108.0,BIO
728,201601,563,CHEM,1211,K,4.0,C+,B,M,PSY,201108.0,PSY
729,201601,564,CHEM,1212,K,4.0,C,B,F,EXS,201108.0,EXS
730,201601,262,CHEM,1212,K,4.0,B,B,F,0000,201108.0,0000
731,201601,264,CHEM,2400,,4.0,A,W,F,BIO,201108.0,BIO
732,201601,565,CHEM,1211,K,4.0,B-,W,F,PSY,201108.0,PSY
733,201601,566,CHEM,1212,K,4.0,A,,F,CHM,201108.0,CHM
734,201601,567,CHEM,2400,,4.0,C-,,F,BIO,201108.0,BIO
735,201601,568,CHEM,2400,,4.0,A+,,M,NEUR,201108.0,NEUR
736,201601,266,CHEM,1212,K,4.0,A,W,F,BIO,201108.0,NUR
737,201601,267,CHEM,1212,K,4.0,A+,WZ,M,BIO,201108.0,0000
738,201601,268,CHEM,1212,K,4.0,A,,M,0000,201108.0,0000
739,201601,569,CHEM,1211,K,4.0,B,W,M,BIO,201108.0,BIO
740,201601,570,CHEM,1212,K,4.0,A,W,F,BIO,201108.0,BIO
741,201601,571,CHEM,1211,K,4.0,C,,M,BIO,201108.0,BIO
742,201601,572,CHEM,1212,K,4.0,B,W,M,CHM,201201.0,CHM
743,201601,270,CHEM,1212,K,4.0,A-,B,F,CHM,201108.0,CHM
744,201601,573,CHEM,1211,K,4.0,C+,W,M,BIO,201108.0,BIO
745,201601,271,CHEM,1212,K,4.0,C,,F,BIO,201108.0,BIO
746,201601,272,CHEM,1212,K,4.0,B-,B,M,CHM,201108.0,CHM
747,201601,574,CHEM,2400,,4.0,A,B,F,BIO,201108.0,BIO
748,201601,575,CHEM,1211,K,4.0,A-,Z,F,PSY,201108.0,PSY
749,201601,273,CHEM,1212,K,4.0,W,W,F,BIO,201108.0,BIO
750,201601,275,CHEM,1212,K,4.0,A,B,F,PSY,201108.0,PSY
751,201601,576,CHEM,1211,K,4.0,I,W,M,BIO,201108.0,BIO
752,201601,577,CHEM,1212,K,4.0,C,,M,BIO,201108.0,BIO
753,201601,578,CHEM,1211,K,4.0,B+,W,F,BIO,201108.0,BIO
754,201601,579,CHEM,1211,K,4.0,C,B,F,BIO,201108.0,BIO
755,201601,580,CHEM,1211,K,4.0,D,B,M,PHY,201108.0,PHY
756,201601,581,CHEM,1211,K,4.0,B,B,F,BIO,201201.0,BIO
757,201601,582,CHEM,1211,K,4.0,B,B,M,BIO,201108.0,BIO
758,201601,583,CHEM,1211,K,4.0,C+,W,M,BIO,201108.0,BIO
759,201601,584,CHEM,1212,K,4.0,B-,B,F,0000,201108.0,0000
760,201601,585,CHEM,2400,,4.0,A,W,F,0000,201108.0,0000
761,201601,586,CHEM,1211,K,4.0,A+,B,M,POL,201108.0,POL
762,201601,587,CHEM,1211,K,4.0,B,,M,BIO,201108.0,BIO
763,201601,588,CHEM,1211,K,4.0,B,Z,M,BIO,201108.0,BIO
764,201601,589,CHEM,1211,K,4.0,B-,W,M,PHY,201108.0,PSY
765,201601,590,CHEM,1212,K,4.0,B,W,M,BIO,201108.0,BIO
766,201601,591,CHEM,1212,K,4.0,I,B,M,BIO,201108.0,BIO
767,201601,592,CHEM,1211,K,4.0,A+,W,M,IDS,201108.0,IDS
768,201601,284,CHEM,1212,K,4.0,B,W,F,0000,201108.0,0000
769,201601,285,CHEM,1212,K,4.0,A,B,F,CHM,201108.0,CHM
770,201601,593,CHEM,1211,K,4.0,A-,,F,CHM,201108.0,CHM
771,201601,287,CHEM,1212,K,4.0,A+,W,F,NEUR,201108.0,BIO
772,201601,594,CHEM,1212,K,4.0,A,W,M,EXS,201108.0,EXS
773,201601,289,CHEM,1212,K,4.0,A+,W,M,BIO,201108.0,0000
774,201601,595,CHEM,1211,K,4.0,C,B,F,BIO,201108.0,BIO
775,201601,292,CHEM,1212,K,4.0,C,W,F,NUR,201108.0,NUR
776,201601,293,CHEM,2400,,4.0,C-,B,F,CHM,201108.0,CHM
777,201601,596,CHEM,1211,K,4.0,I,W,F,EXS,201108.0,0000
778,201601,597,CHEM,1211,K,4.0,C,Z,M,CHM,201108.0,CHM
779,201601,598,CHEM,1211,K,4.0,A,,M,BIO,201201.0,BIO
780,201601,599,CHEM,1211,K,4.0,C+,B,F,BIO,201108.0,BIO
781,201601,296,CHEM,1212,K,4.0,A+,W,M,0000,201108.0,0000
782,201601,600,CHEM,1211,K,4.0,C-,B,M,NEUR,201201.0,NEUR
783,201601,601,CHEM,1211,K,4.0,A,B,M,BIO,201201.0,BIO
784,201601,602,CHEM,1211,K,4.0,F,W,M,PHY,201201.0,PHY
785,201601,603,CHEM,1212,K,4.0,W,W,M,CHM,201201.0,CHM
786,201601,604,CHEM,1212,K,4.0,B,W,F,CHM,201201.0,CHM
787,201601,605,CHEM,1212,K,4.0,A,W,M,CHM,201201.0,CHM
788,201601,606,CHEM,1211,K,4.0,B,B,F,BIO,201201.0,BIO
789,201601,607,CHEM,1211,K,4.0,A-,Z,F,CHM,201201.0,CHM
790,201601,608,CHEM,1212,K,4.0,B,Z,M,BIO,201201.0,BIO
791,201601,609,CHEM,1211,K,4.0,A,W,F,0000,201201.0,0000
792,201601,610,CHEM,1211,K,4.0,A,W,F,BIO,201201.0,BIO
793,201601,611,CHEM,1212,K,4.0,A+,W,M,0000,201201.0,0000
794,201601,612,CHEM,1211,K,4.0,A,W,M,CHM,201201.0,CHM
795,201601,613,CHEM,1212,K,4.0,A,W,M,0000,201201.0,0000
796,201605,614,CHEM,1211,K,4.0,B,Z,F,CHM,201205.0,CHM
797,201605,615,CHEM,1211,K,4.0,W,W,M,BIO,201205.0,BIO
798,201605,616,CHEM,1211,K,4.0,W,B,F,BIO,201205.0,BIO
799,201605,617,CHEM,1211,K,4.0,W,W,F,0000,201201.0,0000
800,201605,618,CHEM,1211,K,4.0,A,W,F,0000,201201.0,0000
801,201605,619,CHEM,2400,,4.0,W,B,F,BIO,201205.0,BIO
802,201605,620,CHEM,1212,K,4.0,A+,B,F,0000,201201.0,0000
803,201605,620,CHEM,1211,K,4.0,A+,B,F,0000,201201.0,0000
804,201605,621,CHEM,1211,K,4.0,A+,W,M,0000,201205.0,0000
805,201605,5,CHEM,2400,,4.0,A,W,F,NUR,201108.0,NUR
806,201605,303,CHEM,1212,K,4.0,A,W,M,PSY,201108.0,0000
807,201605,304,CHEM,1212,K,4.0,B-,B,F,BIO,201108.0,BIO
808,201605,15,CHEM,2400,,4.0,F,Z,M,SOC,201108.0,CHM
809,201605,622,CHEM,1211,K,4.0,D,B,F,BIO,201201.0,NUR
810,201605,310,CHEM,2400,,4.0,A-,B,F,BIO,201108.0,BIO
811,201605,623,CHEM,2400,,4.0,B,B,F,0000,201205.0,0000
812,201605,22,CHEM,2400,,4.0,B+,B,F,CHM,201108.0,CHM
813,201605,314,CHEM,1212,K,4.0,C,,M,CHM,201108.0,CHM
814,201605,624,CHEM,2400,,4.0,A-,B,M,BIO,201108.0,BIO
815,201605,625,CHEM,1211,K,4.0,B,B,F,0000,201205.0,0000
816,201605,626,CHEM,1212,K,4.0,D,W,F,BIO,201108.0,BIO
817,201605,627,CHEM,1212,K,4.0,I,B,F,BIO,201108.0,BIO
818,201605,29,CHEM,1212,K,4.0,C-,,M,BIO,201108.0,BIO
819,201605,319,CHEM,1212,K,4.0,B-,B,F,BIO,201108.0,BIO
820,201605,628,CHEM,1212,K,4.0,A+,W,M,BIO,201201.0,BIO
821,201605,629,CHEM,1212,K,4.0,C+,W,F,0000,201205.0,0000
822,201605,630,CHEM,2400,,4.0,I,B,F,BIO,201205.0,BIO
823,201605,631,CHEM,1211,K,4.0,B,W,F,0000,201205.0,0000
824,201605,632,CHEM,1211,K,4.0,B-,B,F,0000,201205.0,0000
825,201605,39,CHEM,1211,K,4.0,A-,W,M,PHY,201108.0,BIO
826,201605,333,CHEM,2400,,4.0,B+,I,F,BIO,201108.0,BIO
827,201605,633,CHEM,2400,,4.0,A-,W,F,0000,201205.0,0000
828,201605,634,CHEM,1212,K,4.0,C+,B,F,0000,201205.0,0000
829,201605,635,CHEM,1211,K,4.0,B,B,M,BIO,201201.0,BIO
830,201605,636,CHEM,1211,K,4.0,D,Z,F,BIO,201205.0,BIO
831,201605,347,CHEM,1212,K,4.0,A+,Z,F,BIO,201108.0,BIO
832,201605,348,CHEM,1212,K,4.0,C+,B,F,BIO,201108.0,BIO
833,201605,637,CHEM,1212,K,4.0,W,W,M,BIO,201205.0,BIO
834,201605,638,CHEM,1212,K,4.0,C,B,F,0000,201205.0,0000
835,201605,359,CHEM,1212,K,4.0,B,Z,M,BIO,201108.0,BIO
836,201605,363,CHEM,1212,K,4.0,A,B,F,BIO,201108.0,BIO
837,201605,639,CHEM,1212,K,4.0,A-,Z,M,0000,201205.0,0000
838,201605,367,CHEM,1212,K,4.0,B,B,F,CHM,201108.0,NUR
839,201605,640,CHEM,1211,K,4.0,W,B,F,BIO,201205.0,BIO
840,201605,641,CHEM,1211,K,4.0,A,W,M,PHY,201108.0,PHY
841,201605,642,CHEM,1212,K,4.0,B,Z,F,BIO,201205.0,BIO
842,201605,70,CHEM,2400,,4.0,A+,Z,M,CHM,201108.0,CHM
843,201605,643,CHEM,1211,K,4.0,C+,B,F,EXS,201108.0,EXS
844,201605,644,CHEM,1211,K,4.0,C-,Z,M,BIO,201108.0,CSC
845,201605,645,CHEM,1211,K,4.0,W,B,F,BIO,201108.0,JOU
846,201605,74,CHEM,1212,K,4.0,A-,Z,F,NUR,201108.0,0000
847,201605,646,CHEM,1211,K,4.0,C+,W,F,BIO,201108.0,0000
848,201605,647,CHEM,1212,K,4.0,W,Z,M,CSC,201108.0,CIS
849,201605,383,CHEM,1211,K,4.0,B,W,F,BIO,201108.0,BIO
850,201605,648,CHEM,1211,K,4.0,C+,Z,F,BIO,201108.0,BIO
851,201605,649,CHEM,1211,K,4.0,C+,B,F,BIO,201108.0,0000
852,201605,395,CHEM,1212,K,4.0,C,Z,M,0000,201108.0,0000
853,201605,650,CHEM,1212,K,4.0,A,Z,F,0000,201205.0,0000
854,201605,401,CHEM,1212,K,4.0,B-,W,F,BIO,201108.0,BIO
855,201605,115,CHEM,1212,K,4.0,A,Z,F,BIO,201108.0,BIO
856,201605,406,CHEM,1212,K,4.0,B,BW,M,0000,201108.0,0000
857,201605,119,CHEM,1211,K,4.0,F,Z,F,BIO,201108.0,BIO
858,201605,651,CHEM,1211,K,4.0,A,Z,M,BIO,201108.0,BUE
859,201605,652,CHEM,1212,K,4.0,W,W,F,FI,201201.0,CHM
860,201605,653,CHEM,1212,K,4.0,A+,B,F,0000,201205.0,0000
861,201605,654,CHEM,1211,K,4.0,B+,B,F,BIO,201108.0,BIO
862,201605,655,CHEM,1211,K,4.0,B,,F,BIO,201108.0,BIO
863,201605,142,CHEM,1212,K,4.0,B,W,M,BIO,201108.0,BIO
864,201605,656,CHEM,1211,K,4.0,B-,B,M,BIO,201108.0,BIO
865,201605,657,CHEM,1211,K,4.0,D,B,F,BIO,201108.0,EXS
866,201605,449,CHEM,1212,K,4.0,B,Z,F,NUR,201108.0,BIO
867,201605,453,CHEM,1212,K,4.0,A,W,M,BIO,201108.0,BIO
868,201605,160,CHEM,1212,K,4.0,C+,W,F,BIO,201108.0,0000
869,201605,658,CHEM,1211,K,4.0,B,Z,M,CSC,201108.0,CSC
870,201605,659,CHEM,1211,K,4.0,A-,W,F,BIO,201108.0,FI
871,201605,463,CHEM,1212,K,4.0,A,Z,M,BIO,201108.0,EXS
872,201605,465,CHEM,1212,K,4.0,B-,B,F,CHM,201108.0,CHM
873,201605,660,CHEM,2400,,4.0,A-,W,F,0000,201205.0,0000
874,201605,661,CHEM,1212,K,4.0,B-,W,F,PHY,201108.0,MTH
875,201605,179,CHEM,1212,K,4.0,A,Z,M,PHY,201108.0,PHY
876,201605,662,CHEM,1211,K,4.0,A-,B,F,BIO,201201.0,BIO
877,201605,185,CHEM,1212,K,4.0,A,B,M,BIO,201108.0,BIO
878,201605,663,CHEM,1211,K,4.0,B,W,M,BIO,201108.0,BUE
879,201605,664,CHEM,1211,K,4.0,W,BW,F,BIO,201108.0,0000
880,201605,665,CHEM,1211,K,4.0,D,B,F,BIO,201201.0,BIO
881,201605,666,CHEM,1212,K,4.0,A-,W,M,CHM,201108.0,0000
882,201605,667,CHEM,1211,K,4.0,I,W,M,CHM,201108.0,CHM
883,201605,668,CHEM,1211,K,4.0,B+,Z,M,BUE,201108.0,BUE
884,201605,669,CHEM,1211,K,4.0,F,B,F,ENG,201201.0,BIO
885,201605,670,CHEM,1211,K,4.0,B,Z,M,BIO,201108.0,BIO
886,201605,210,CHEM,2400,,4.0,C,B,F,BIO,201108.0,BIO
887,201605,508,CHEM,1212,K,4.0,A+,,M,BIO,201201.0,BIO
888,201605,512,CHEM,1212,K,4.0,B,B,F,CHM,201108.0,CHM
889,201605,671,CHEM,1211,K,4.0,B,W,M,NEUR,201108.0,0000
890,201605,672,CHEM,1211,K,4.0,C,W,F,NUR,201108.0,NUR
891,201605,673,CHEM,1211,K,4.0,C+,W,M,NEUR,201108.0,PSY
892,201605,674,CHEM,1211,K,4.0,C+,B,F,BIO,201108.0,BIO
893,201605,675,CHEM,1212,K,4.0,C,W,F,BIO,201108.0,PHY
894,201605,237,CHEM,1212,K,4.0,A-,B,F,MTH,201108.0,MTH
895,201605,676,CHEM,1211,K,4.0,W,B,F,NUR,201108.0,NUR
896,201605,548,CHEM,1212,K,4.0,A,Z,F,BIO,201108.0,BIO
897,201605,677,CHEM,1211,K,4.0,C+,W,M,0000,201205.0,0000
898,201605,553,CHEM,1212,K,4.0,B,B,F,CHM,201108.0,PSY
899,201605,562,CHEM,1212,K,4.0,W,B,F,BIO,201108.0,BIO
900,201605,678,CHEM,1211,K,4.0,B-,W,M,PHY,201201.0,PHY
901,201605,566,CHEM,2400,,4.0,A,,F,CHM,201108.0,CHM
902,201605,679,CHEM,2400,,4.0,F,B,F,CHM,201201.0,CHM
903,201605,272,CHEM,2400,,4.0,B,B,M,CHM,201108.0,CHM
904,201605,680,CHEM,1211,K,4.0,A,B,M,BIO,201201.0,BIO
905,201605,681,CHEM,2400,,4.0,A+,,F,BIO,201201.0,BIO
906,201605,682,CHEM,1212,K,4.0,W,BW,M,BIO,201205.0,BIO
907,201605,579,CHEM,1212,K,4.0,C-,B,F,BIO,201108.0,BIO
908,201605,581,CHEM,1212,K,4.0,C+,B,F,BIO,201201.0,BIO
909,201605,583,CHEM,1212,K,4.0,F,W,M,BIO,201108.0,BIO
910,201605,588,CHEM,1212,K,4.0,A,Z,M,BIO,201108.0,BIO
911,201605,683,CHEM,1211,K,4.0,A+,,F,0000,201205.0,0000
912,201605,590,CHEM,2400,,4.0,A,W,M,BIO,201108.0,BIO
913,201605,684,CHEM,2400,,4.0,B+,W,M,NEUR,201108.0,MTH
914,201605,591,CHEM,1212,K,4.0,D,B,M,BIO,201108.0,BIO
915,201605,685,CHEM,2400,,4.0,C-,,F,BIO,201108.0,BIO
916,201605,285,CHEM,2400,,4.0,A-,B,F,BIO,201108.0,CHM
917,201605,595,CHEM,1212,K,4.0,C,B,F,BIO,201108.0,BIO
918,201605,599,CHEM,2400,,4.0,F,B,F,BIO,201108.0,BIO
919,201605,296,CHEM,2400,,4.0,A+,W,M,0000,201108.0,0000
920,201605,686,CHEM,1211,K,4.0,C+,B,F,0000,201201.0,0000
921,201605,687,CHEM,1211,K,4.0,A,W,M,BIO,201201.0,BIO
922,201605,601,CHEM,1212,K,4.0,W,B,M,BIO,201201.0,BIO
923,201605,688,CHEM,1211,K,4.0,A,W,F,ALG,201201.0,ALG
924,201605,689,CHEM,1211,K,4.0,A,W,M,PHY,201201.0,PHY
925,201605,690,CHEM,1212,K,4.0,A,W,F,NEUR,201201.0,NEUR
926,201605,691,CHEM,1211,K,4.0,A,W,F,GLY,201201.0,GLY
927,201605,607,CHEM,1212,K,4.0,B+,Z,F,CHM,201201.0,CHM
928,201605,692,CHEM,1211,K,4.0,B,Z,F,CSC,201205.0,CSC
929,201605,609,CHEM,1212,K,4.0,A+,W,F,0000,201201.0,0000
930,201605,693,CHEM,1211,K,4.0,A,Z,F,0000,201201.0,0000
931,201605,694,CHEM,1211,K,4.0,A+,W,M,0000,201205.0,0000
932,201605,695,CHEM,1211,K,4.0,B,W,F,0000,201201.0,0000
933,201605,696,CHEM,1212,K,4.0,B+,,F,BIO,201205.0,BIO
934,201605,697,CHEM,1211,K,4.0,B-,W,F,SPA,201205.0,SPA
935,201605,698,CHEM,1212,K,4.0,C,W,F,BIO,201205.0,BIO
936,201605,699,CHEM,1212,K,4.0,C,Z,F,0000,201205.0,0000
937,201605,700,CHEM,1211,K,4.0,A-,,F,BIO,201205.0,BIO
938,201605,701,CHEM,2400,,4.0,C,Z,F,0000,201205.0,0000
939,201605,702,CHEM,1211,K,4.0,I,B,F,0000,201205.0,0000
940,201605,703,CHEM,1212,K,4.0,A,W,M,0000,201205.0,0000
941,201605,704,CHEM,1211,K,4.0,A,W,M,0000,201205.0,0000
942,201605,705,CHEM,1211,K,4.0,A-,W,M,BIO,201205.0,BIO
943,201605,706,CHEM,2400,,4.0,B+,,M,NTR,201205.0,NTR
944,201605,707,CHEM,1212,K,4.0,B,W,M,0000,201205.0,0000
945,201605,708,CHEM,1211,K,4.0,B,BWZ,F,BIO,201205.0,BIO
946,201605,709,CHEM,1211,K,4.0,B-,B,F,0000,201205.0,0000
947,201605,710,CHEM,2400,,4.0,B-,Z,F,0000,201205.0,0000
948,201605,711,CHEM,1212,K,4.0,A,W,F,0000,201205.0,0000
949,201605,712,CHEM,2400,,4.0,F,B,F,0000,201205.0,0000
950,201605,713,CHEM,1211,K,4.0,A,B,F,0000,201205.0,0000
951,201605,714,CHEM,2400,,4.0,A,,M,0000,201205.0,0000
952,201605,715,CHEM,2400,,4.0,F,B,F,0000,201205.0,0000
953,201605,716,CHEM,1211,K,4.0,A,Z,F,0000,201205.0,0000
954,201605,717,CHEM,2400,,4.0,F,W,M,0000,201205.0,0000
955,201605,718,CHEM,1211,K,4.0,A-,B,F,0000,201205.0,0000
956,201605,719,CHEM,1211,K,4.0,W,W,M,0000,201205.0,0000
957,201605,720,CHEM,2400,,4.0,A-,W,F,0000,201205.0,0000
958,201605,721,CHEM,1212,K,4.0,A,W,F,0000,201205.0,0000
959,201605,722,CHEM,2400,,4.0,C+,B,M,0000,201205.0,0000
